Time Stamp, A0 Val, A1 Val, A2 Val, A3 Val, Accel X, Accel Y, Accel Z, Gyro X, Gyro Y, Gyro Z
1584742277.99, 44, 9,45 160 156,2,-7,-2,-
1584742278.06, ,44 93 5 172 16,26,-7 36,-
1584742278.13,  6,43 45, -15864, -1076, 2168, -410, -355, -123
1584742278.2, 419, 464, 493, 445, -15656, -1344, 2300, -368, -345, -107
1584742278.23, 418, 464, 493, 445, -15680, -1316, 2396, -374, -383, -75
1584742278.3, 419, 464, 493, 445, -15876, -1264, 2288, -377, -367, -82
1584742278.36, 418, 464, 493, 445, -15660, -1044, 2136, -379, -360, -92
1584742278.43, 418, 464, 493, 445, -15844, -1168, 2344, -375, -362, -94
1584742278.5, 418, 464, 493, 445, -15828, -1232, 2372, -360, -386, -89
1584742278.56, 418, 464, 493, 445, -16136, -1272, 2368, -379, -360, -46
1584742278.6, 418, 464, 493, 445, -15684, -1036, 2460, -398, -360, -77
1584742278.66, 418, 464, 493, 445, -15988, -1232, 2624, -332, -361, -53
1584742278.73, 418, 464, 493, 445, -15536, -1076, 2372, -397, -308, -97
1584742278.8, 419, 464, 493, 445, -15912, -1296, 1972, -344, -352, -64
1584742278.86, 418, 464, 493, 445, -15968, -984, 2136, -363, -384, -49
1584742278.9, 418, 464, 493, 445, -15640, -1084, 2412, -402, -362, -68
1584742278.96, 419, 464, 493, 445, -15908, -1120, 2444, -371, -369, -72
1584742279.03, 419, 464, 493, 445, -15960, -1332, 2448, -387, -352, -105
1584742279.09, 419, 464, 493, 445, -15652, -1184, 2308, -361, -348, -107
1584742279.16, 418, 464, 493, 445, -15976, -1280, 2456, -383, -361, -82
1584742279.2, 419, 464, 493, 445, -15628, -1100, 2432, -363, -373, -83
1584742279.26, 418, 464, 493, 445, -15780, -1172, 2332, -383, -359, -97
1584742279.33, 418, 464, 493, 445, -15840, -1244, 2232, -381, -382, -99
1584742279.39, 419, 464, 493, 445, -15668, -1136, 2420, -376, -377, -86
1584742279.46, 419, 464, 493, 445, -15816, -1188, 2492, -358, -355, -95
1584742279.53, 418, 464, 493, 445, -15752, -1200, 2440, -385, -361, -71
1584742279.56, 418, 464, 493, 445, -15872, -1196, 2236, -342, -364, -90
1584742279.63, 418, 464, 493, 445, -15964, -1104, 2368, -372, -347, -56
1584742279.69, 418, 464, 493, 445, -15716, -1152, 2312, -363, -354, -115
1584742279.76, 418, 464, 493, 445, -15728, -1372, 2308, -370, -363, -91
1584742279.83, 418, 464, 493, 445, -15848, -1204, 2328, -386, -329, -69
1584742279.86, 418, 464, 493, 445, -15672, -1196, 2396, -380, -348, -112
1584742279.93, 418, 464, 493, 445, -15832, -1088, 2332, -372, -383, -88
1584742279.99, 418, 464, 493, 445, -15864, -1224, 2320, -369, -370, -102
1584742280.06, 418, 464, 493, 445, -15860, -1248, 2540, -390, -355, -93
1584742280.13, 418, 464, 493, 445, -15836, -1280, 2276, -383, -373, -78
1584742280.19, 418, 464, 493, 445, -15696, -1116, 2336, -370, -342, -78
1584742280.23, 418, 464, 493, 445, -15756, -1124, 2396, -361, -363, -83
1584742280.29, 419, 464, 493, 445, -15972, -1108, 2392, -394, -349, -71
1584742280.36, 419, 464, 493, 445, -15700, -1264, 2344, -381, -352, -72
1584742280.43, 419, 464, 493, 445, -15912, -1088, 2560, -373, -359, -74
1584742280.49, 418, 464, 493, 445, -15672, -1084, 2296, -390, -388, -89
1584742280.53, 418, 464, 493, 445, -15796, -1112, 2164, -359, -380, -78
1584742280.59, 418, 464, 493, 445, -15712, -1124, 2404, -382, -360, -82
1584742280.66, 418, 464, 493, 445, -15792, -1316, 2596, -375, -346, -88
1584742280.73, 418, 464, 493, 445, -15988, -1080, 2212, -392, -356, -83
1584742280.79, 419, 464, 493, 445, -15752, -1320, 2224, -351, -381, -81
1584742280.86, 418, 464, 493, 445, -15872, -1176, 2456, -367, -345, -87
1584742280.89, 418, 464, 493, 445, -15784, -1112, 2392, -352, -333, -70
1584742280.96, 419, 464, 493, 445, -15836, -1116, 2416, -362, -346, -90
1584742281.03, 418, 464, 493, 445, -15944, -1164, 2500, -373, -351, -103
1584742281.09, 418, 464, 493, 445, -15788, -1328, 2380, -363, -361, -80
1584742281.16, 419, 464, 493, 445, -15900, -1036, 2392, -389, -358, -72
1584742281.19, 419, 464, 493, 445, -15756, -1004, 2316, -400, -365, -92
1584742281.26, 418, 464, 493, 445, -15784, -1128, 2496, -374, -340, -102
1584742281.33, 418, 464, 493, 445, -15804, -1112, 2156, -373, -356, -96
1584742281.39, 418, 464, 493, 445, -15780, -1176, 2372, -371, -369, -70
1584742281.46, 418, 464, 493, 445, -15780, -1108, 2328, -383, -344, -92
1584742281.53, 418, 464, 493, 445, -15844, -1144, 2452, -378, -355, -75
1584742281.56, 418, 464, 493, 445, -15820, -1188, 2220, -374, -364, -109
1584742281.63, 419, 464, 493, 445, -16228, -1292, 2112, -367, -360, -114
1584742281.69, 419, 464, 493, 445, -15856, -968, 2496, -379, -357, -74
1584742281.76, 418, 464, 493, 445, -15792, -956, 2432, -367, -340, -89
1584742281.83, 419, 464, 493, 445, -15908, -1280, 2224, -395, -348, -116
1584742281.86, 418, 464, 493, 445, -15784, -1176, 2584, -371, -364, -135
1584742281.93, 418, 464, 493, 445, -15876, -1148, 2180, -356, -362, -76
1584742281.99, 418, 464, 493, 445, -15768, -1152, 2432, -393, -360, -68
1584742282.06, 419, 464, 493, 445, -15728, -1180, 2268, -362, -356, -78
1584742282.13, 419, 464, 493, 445, -15944, -1360, 2528, -378, -353, -72
1584742282.19, 418, 464, 493, 445, -15816, -1196, 2416, -368, -376, -72
1584742282.23, 418, 464, 493, 445, -15848, -1136, 2168, -377, -371, -84
1584742282.29, 418, 464, 494, 445, -15968, -1296, 2176, -362, -355, -112
1584742282.36, 419, 464, 493, 445, -15660, -1504, 2316, -402, -336, -123
1584742282.43, 419, 464, 493, 445, -15860, -1228, 1980, -357, -290, 1
1584742282.49, 418, 464, 493, 445, -16056, -1208, 3052, -390, -378, -109
1584742282.53, 419, 464, 493, 445, -18420, -680, 368, -361, -364, -149
1584742282.59, 418, 464, 493, 445, -17264, -1136, 1548, -359, -374, -207
1584742282.66, 418, 464, 493, 445, -16164, -1276, 2124, -369, -375, -204
1584742282.73, 418, 464, 493, 445, -16196, -1716, 3068, -401, -352, 9
1584742282.79, 419, 464, 493, 445, -16124, -904, 1584, -339, -348, -108
1584742282.83, 418, 464, 493, 445, -16568, -328, 2172, -403, -351, -92
1584742282.89, 418, 464, 493, 445, -15708, -1048, 2344, -387, -360, -77
1584742282.96, 418, 464, 493, 445, -16320, -1612, 2084, -362, -386, -30
1584742283.03, 418, 464, 493, 445, -18600, 244, 5016, -374, -329, 97
1584742283.09, 418, 464, 493, 445, -14592, -2460, 664, -339, -364, -31
1584742283.13, 418, 464, 493, 445, -14740, -984, 2268, -415, -351, 160
1584742283.19, 418, 464, 493, 445, -17940, -688, 4100, -345, -313, -137
1584742283.26, 418, 464, 493, 445, -19400, -2468, 540, -308, -299, -577
1584742283.33, 418, 464, 493, 445, -14768, -1884, -92, -384, -313, 7
1584742283.36, 418, 464, 493, 445, -17032, -200, 2844, -383, -473, -395
1584742283.43, 418, 464, 493, 445, -18448, 988, 3384, -391, -386, -415
1584742283.49, 418, 464, 493, 445, -28196, 2300, 4484, -271, -214, 119
1584742283.56, 418, 464, 493, 445, -16920, 1500, -100, -333, -302, -725
1584742283.63, 418, 464, 493, 445, -11600, 480, 1568, -370, -371, 172
1584742283.66, 418, 464, 493, 445, -19512, 1820, 3000, -412, -475, -112
1584742283.73, 418, 464, 493, 445, -32768, 11208, 9532, -250, -1150, -7436
1584742283.79, 420, 464, 493, 444, -22656, 9104, 2152, -601, -293, 368
1584742283.86, 421, 464, 492, 442, -19296, -4660, 612, -94, -460, -197
1584742283.92, 422, 464, 492, 442, -18400, 868, 2248, -26, -337, -656
1584742283.96, 421, 464, 492, 442, -17856, -6164, 2672, -453, -391, -312
1584742284.03, 421, 464, 492, 443, -28960, 3548, 1184, -478, -650, 991
1584742284.09, 421, 464, 492, 442, -13532, -868, 8880, -208, -121, -181
1584742284.16, 421, 464, 492, 442, -16744, -3608, 408, -402, -365, -250
1584742284.22, 421, 464, 492, 442, -18668, -1708, 3684, -395, -318, 252
1584742284.29, 421, 464, 492, 442, -13872, -4240, 4052, -299, -422, -386
1584742284.33, 421, 464, 492, 442, -21532, -5748, 1208, -444, -288, -398
1584742284.39, 421, 464, 492, 442, -21652, 404, 1040, -426, -408, -665
1584742284.46, 421, 464, 492, 442, -22920, -1912, 4048, -340, -319, 43
1584742284.52, 421, 464, 492, 442, -12908, 1272, 6340, -358, -298, 247
1584742284.59, 421, 464, 492, 442, -16940, -2164, 3372, -356, -337, -101
1584742284.63, 421, 464, 492, 442, -17500, -608, 5808, -401, -285, 282
1584742284.69, 421, 464, 492, 442, -29284, -2732, 2632, -344, -230, -939
1584742284.76, 421, 464, 492, 442, -15004, 876, 904, -454, -381, 154
1584742284.82, 421, 464, 492, 442, -19248, -876, 3932, -278, -384, 485
1584742284.89, 421, 464, 492, 442, -19280, -4948, 4284, -320, -249, 115
1584742284.93, 421, 464, 492, 442, -18524, -1240, 632, -334, -317, -258
1584742284.99, 421, 464, 492, 442, -24248, -2640, 4676, -383, -197, -894
1584742285.06, 421, 464, 492, 442, -21140, -6056, 5000, -322, -251, -330
1584742285.12, 421, 464, 492, 442, -13956, 1360, 4336, -387, -400, -387
1584742285.19, 421, 464, 492, 442, -15752, 648, 6660, -389, -359, 124
1584742285.23, 421, 464, 492, 442, -14252, -60, 884, -372, -408, -402
1584742285.29, 421, 464, 492, 442, -3744, -664, 1076, -438, -733, 4711
1584742285.36, 421, 464, 492, 442, -13312, -2892, -2044, -369, -489, -363
1584742285.42, 421, 464, 492, 442, -17788, -1984, -2536, -347, -333, -114
1584742285.49, 421, 464, 492, 442, -18648, 1948, 2528, -338, -293, 194
1584742285.53, 421, 464, 492, 442, -19368, -404, -3524, -337, -362, 346
1584742285.59, 421, 464, 492, 442, -14388, 4880, 2268, -402, -415, -378
1584742285.66, 421, 464, 492, 442, -19168, -1632, 1164, -290, -292, 455
1584742285.72, 421, 464, 492, 442, -10036, -700, -480, -279, -342, 112
1584742285.79, 421, 464, 492, 442, -18780, -432, 156, -219, -340, 32
1584742285.83, 421, 464, 492, 442, -9292, 2864, 8668, -151, -247, 442
1584742285.89, 421, 464, 492, 442, -18512, -2428, -4096, -330, -399, 842
1584742285.96, 421, 464, 492, 442, -16016, -824, 3716, -403, -410, -598
1584742286.02, 421, 464, 492, 442, -21068, -420, 3180, -559, -278, -129
1584742286.09, 421, 464, 492, 442, -13940, -484, 6856, -524, -284, -144
1584742286.13, 421, 464, 492, 442, -19604, 748, 2304, -208, -482, -225
1584742286.19, 422, 464, 491, 441, -13544, 2168, 9528, -55, -283, 471
1584742286.26, 422, 465, 491, 441, -2448, -3368, 6572, -326, -260, -602
1584742286.32, 422, 465, 491, 440, -10284, -3852, -3980, -444, -371, -43
1584742286.39, 422, 465, 491, 440, -17348, -5396, -2312, -74, -484, -627
1584742286.42, 422, 465, 491, 440, -15588, -28, 1476, -212, -312, 31
1584742286.49, 423, 465, 491, 440, -32768, -760, 12952, 163, -425, -3840
1584742286.56, 424, 465, 491, 439, -32768, 5700, 8944, -433, -508, -1320
1584742286.62, 428, 466, 486, 435, -32768, 8996, -21440, -435, -558, 2334
1584742286.69, 434, 469, 479, 428, -14780, 10708, 11924, 318, -643, 3573
1584742286.76, 441, 473, 472, 422, -32768, -1508, 1724, 14, -582, 908
1584742286.79, 444, 475, 464, 415, -32768, 8732, -1264, 487, -400, -6715
1584742286.86, 446, 477, 456, 407, -32768, 8720, 3960, 289, -1079, -157
1584742286.92, 445, 477, 453, 397, -15404, 2240, 6348, 90, -715, 594
1584742286.99, 445, 477, 451, 389, -19860, -1836, 5332, -417, -573, -429
1584742287.06, 445, 477, 451, 389, -32768, -3316, 23760, -636, -535, -2553
1584742287.12, 445, 477, 450, 389, -17356, 12448, 7748, -146, -1088, 3261
1584742287.16, 443, 477, 451, 388, 4596, 5592, 4616, 613, 340, 256
1584742287.22, 441, 477, 452, 386, -18272, 2536, 6504, 648, -4, 4985
1584742287.29, 440, 476, 452, 386, -32768, 17284, -8492, 622, -67, -970
1584742287.36, 440, 474, 452, 386, 22500, -10072, -9424, 585, -608, 6363
1584742287.39, 441, 475, 452, 386, -32768, -1580, 1244, 1222, -1589, -2902
1584742287.46, 443, 475, 452, 386, -32768, -20600, -164, 1535, -918, -1687
1584742287.52, 446, 477, 452, 386, -1312, 12392, 3284, 1147, -612, -3312
1584742287.59, 447, 477, 453, 386, 21392, 16592, 15524, 1360, 318, 318
1584742287.66, 443, 476, 454, 386, 3836, 9508, 15532, 1526, -1205, 801
1584742287.72, 442, 468, 453, 385, -28700, 11212, 4496, 1739, 75, 488
1584742287.76, 442, 467, 453, 379, -24076, -2584, 13004, 1023, 951, 1046
1584742287.82, 442, 466, 453, 378, -32768, -14964, -30168, 1469, -347, -2820
1584742287.89, 443, 466, 453, 379, -29260, 1104, 18420, 1461, -604, -986
1584742287.96, 444, 467, 454, 380, -32768, -5252, 5520, 1934, -1499, -2284
1584742288.02, 442, 468, 460, 387, 12552, 3296, -8976, 1880, -1501, -282
1584742288.09, 442, 467, 468, 387, -32768, -2380, 25004, 1853, -435, 815
1584742288.16, 443, 468, 468, 387, -32768, -12708, -12196, 2012, -1604, -3516
1584742288.22, 447, 466, 468, 388, -3644, 9336, 10600, 1785, 1589, 819
1584742288.26, 442, 457, 468, 386, -32768, 18448, 19752, 2536, -829, 4477
1584742288.32, 440, 455, 468, 376, 26016, -7036, 26988, 1681, -89, 4850
1584742288.39, 451, 460, 460, 376, -31120, 31488, -17552, 3950, -1646, -158
1584742288.46, 463, 473, 461, 373, -32768, -32768, -18272, 2185, 685, -2975
1584742288.52, 465, 477, 459, 370, -32768, 8988, 2860, 758, -795, 525
1584742288.59, 464, 477, 460, 373, -3676, -31948, -32768, 2656, -1035, -2822
1584742288.66, 462, 470, 453, 371, -32768, -17424, 28188, 2823, -1207, -6512
1584742288.72, 458, 466, 448, 371, -26768, -31884, -32768, 1958, -973, -743
1584742288.79, 461, 461, 444, 370, -32768, -12424, 20164, 2072, -406, 275
1584742288.82, 463, 464, 445, 364, -2060, 4280, 14872, 2593, 1258, -2329
1584742288.89, 459, 465, 447, 367, 22980, 32767, 29680, 1593, -4078, 798
1584742288.96, 458, 466, 447, 363, -30896, -14852, -9340, 1590, 850, 1294
1584742289.02, 456, 466, 446, 355, -21188, -3696, -32768, 180, -13, 1041
1584742289.09, 452, 466, 445, 355, 32767, -2796, -12756, 91, -397, -1804
1584742289.15, 455, 466, 446, 357, -32768, 23348, -22780, 1172, 1409, 1121
1584742289.22, 455, 467, 454, 364, -10028, 10704, 11936, 625, -707, 2575
1584742289.26, 460, 467, 453, 372, 208, 23800, 23876, 873, -1485, 841
1584742289.32, 459, 466, 464, 372, -32768, -32768, 12352, 551, 279, 3951
1584742289.39, 459, 467, 456, 361, -32768, 32767, 32767, 991, 1266, 2849
1584742289.46, 457, 470, 453, 356, 10436, -32768, -32768, -350, 290, 2276
1584742289.52, 455, 473, 449, 357, 20492, -7852, 3992, 140, -4299, 1801
1584742289.59, 472, 474, 447, 357, -10872, 32767, -200, 1108, 4628, -5691
1584742289.62, 461, 467, 444, 359, -32768, -25212, -128, 304, -651, -3954
1584742289.69, 453, 458, 430, 356, -27716, 32767, 32767, 1401, -2214, -3554
1584742289.76, 444, 459, 445, 355, 18132, 2316, -22952, 1603, 481, -2672
1584742289.82, 443, 459, 462, 356, -32768, 24612, 24568, 1475, 2410, -1343
1584742289.89, 437, 465, 465, 356, -32768, 10980, 32767, -151, -403, 1158
1584742289.95, 432, 465, 465, 361, 6548, 30640, 32767, 1011, -3972, 6022
1584742290.02, 469, 465, 454, 364, -32768, -28072, -12020, 366, 745, -3728
1584742290.09, 478, 465, 449, 378, 3396, 32767, 32767, 71, 2836, 9797
1584742290.12, 473, 467, 451, 381, -32768, -26856, -1372, 447, -2761, -1481
1584742290.19, 466, 469, 465, 382, -30740, 3536, 19080, -199, -1673, 3028
1584742290.26, 460, 470, 463, 382, 18004, 6364, -27800, -220, -3202, 2224
1584742290.32, 462, 470, 462, 378, -27724, -7364, 10636, -236, 2464, 4333
1584742290.39, 464, 471, 463, 378, -3092, 28816, 32767, 444, 2240, -2488
1584742290.45, 454, 481, 475, 379, -32768, 6368, 32767, -797, -2051, 1040
1584742290.52, 446, 481, 473, 371, -18892, -2972, 10348, -1380, 514, 672
1584742290.59, 449, 480, 456, 369, -7168, -32768, -22468, -636, 735, -1561
1584742290.65, 459, 478, 450, 386, -32768, -20692, 20512, -960, -662, -4727
1584742290.69, 459, 472, 448, 398, 16036, 6228, -30852, 371, 452, -1171
1584742290.76, 443, 468, 449, 389, -18940, -608, 21828, 219, -339, 1230
1584742290.82, 439, 474, 454, 389, -30448, 8548, 4164, 82, -1706, 2024
1584742290.89, 447, 480, 453, 388, -32768, -20740, 3484, -28, -1388, -199
1584742290.95, 449, 478, 452, 384, 14012, 3836, 28648, 100, 2391, 1246
1584742291.02, 453, 477, 453, 386, -32768, -25776, -11064, 824, -2512, -131
1584742291.05, 451, 477, 451, 383, -32768, -17548, 4988, 260, -1188, 494
1584742291.12, 445, 469, 441, 368, -1264, 7536, 27908, 164, 2182, -225
1584742291.19, 446, 469, 462, 401, -32768, -25864, 7280, 243, -3509, -5636
1584742291.25, 447, 466, 476, 397, -23172, -21268, 10836, -220, -107, 1618
1584742291.32, 438, 455, 472, 389, -32768, 9632, 22280, 1027, -74, 2118
1584742291.39, 463, 494, 470, 389, -16216, 9952, -24716, 1216, -2724, -3280
1584742291.45, 465, 486, 472, 388, -32768, 16408, 21796, 818, 1923, -3903
1584742291.49, 463, 481, 472, 389, -27780, 4952, 3412, 126, -1547, -1453
1584742291.55, 457, 480, 472, 389, 1036, 24580, -27000, 349, -2521, 270
1584742291.62, 456, 471, 465, 378, -12560, -11732, -664, -510, 2332, 452
1584742291.69, 452, 472, 471, 383, 32767, 20084, 26164, -443, -610, -2173
1584742291.75, 452, 473, 471, 386, -32768, 324, 11244, -782, -1568, -1045
1584742291.82, 449, 466, 463, 384, -32768, -8128, -7820, -863, 1363, 1296
1584742291.89, 454, 474, 455, 383, -32768, 32767, 32767, -165, 796, -1151
1584742291.92, 452, 476, 456, 401, -32768, -12956, 2904, -938, 1111, -1185
1584742291.99, 444, 476, 447, 403, -11564, -3156, 11608, -1497, 1213, 1997
1584742292.05, 441, 477, 426, 403, 32767, 20720, 12732, -1536, 892, 893
1584742292.12, 435, 487, 433, 410, -32768, 32767, 25044, -4208, 4314, -1680
1584742292.19, 416, 491, 429, 419, -20516, -18740, 11556, -6242, -118, -2612
1584742292.25, 397, 491, 427, 425, -32768, 26648, 10520, -8137, 1430, -1676
1584742292.32, 402, 498, 416, 445, 13840, 10532, 18952, -7028, 3577, -1365
1584742292.39, 396, 500, 399, 448, 19340, 13296, -24604, -6138, 503, -1505
1584742292.45, 393, 503, 395, 459, -32768, -10780, -8652, -6799, 2606, -5473
1584742292.52, 388, 510, 395, 471, -13688, -3720, 7580, -7992, -1979, -289
1584742292.59, 386, 511, 398, 482, 32767, 19212, 620, -10202, 2645, 3058
1584742292.65, 385, 518, 393, 474, -16804, -14568, 5296, -9458, 1995, -5711
1584742292.69, 384, 524, 390, 477, -664, 9200, -16192, -10072, -287, 2848
1584742292.75, 384, 526, 389, 485, 5776, -4704, -32768, -9130, 2457, -2363
1584742292.82, 384, 527, 387, 497, -32768, -12584, -9824, -9293, 1624, -2808
1584742292.89, 384, 527, 384, 506, 32767, 6124, -7652, -9400, -148, 725
1584742292.95, 383, 526, 382, 512, -32768, 18256, -7268, -8209, -366, -4436
1584742293.02, 384, 527, 383, 525, -28316, -2532, -31708, -7668, 600, -5746
1584742293.09, 384, 530, 383, 530, -12712, 1788, -10660, -6699, -1400, -6301
1584742293.15, 383, 529, 383, 531, -32768, 32767, -32768, -6501, 2879, -6231
1584742293.22, 384, 530, 382, 536, 32767, 7712, 20980, -6485, 108, -2630
1584742293.29, 383, 529, 380, 539, -32768, 5884, 1408, -6148, -1185, -2893
1584742293.35, 384, 528, 382, 545, -32768, -12176, -32768, -5769, -723, -2169
1584742293.42, 384, 526, 382, 544, 16160, 6092, 3144, -6301, -2059, -1699
1584742293.45, 384, 521, 380, 542, -32768, 1276, -1896, -6419, -3682, -14286
1584742293.52, 384, 523, 382, 538, -32768, 9536, 8704, -5325, -2006, -7344
1584742293.59, 384, 523, 382, 538, 32767, 30076, 32767, -6472, -2055, -984
1584742293.65, 383, 527, 391, 537, 20528, -17052, -20676, -8797, -621, -14761
1584742293.72, 383, 535, 389, 536, -32768, -27016, -5864, -8303, -3273, -6895
1584742293.79, 383, 539, 390, 533, -16660, -18040, -24740, -7840, 1162, -520
1584742293.85, 383, 540, 390, 534, -32768, -5432, -6448, -7441, 1585, -3429
1584742293.92, 383, 540, 390, 537, 32767, -31044, 14256, -7705, 1230, -1469
1584742293.99, 384, 536, 390, 541, 1448, -11032, -27864, -8259, 731, -1527
1584742294.05, 384, 533, 381, 541, 32767, -512, -30396, -8525, 804, 24955
1584742294.12, 384, 518, 376, 527, -32768, 7568, -17892, -7810, -2267, -885
1584742294.19, 384, 516, 376, 512, 32767, 32767, 23900, -6536, -3060, -1778
1584742294.25, 384, 517, 410, 518, 15244, 10784, -32768, -8521, -4912, 2430
1584742294.32, 385, 524, 408, 507, -32768, -18336, 9268, -5278, -5798, 108
1584742294.35, 391, 525, 422, 493, -9016, 20720, 4700, 1675, -4491, 37
1584742294.42, 418, 528, 429, 488, -3632, 32767, 10600, 6138, 790, -685
1584742294.49, 424, 523, 422, 474, -18216, 2212, 3844, 8080, -4426, -1884
1584742294.55, 411, 509, 450, 459, 32767, 10364, 4932, 8676, -8429, 1967
1584742294.62, 435, 498, 480, 445, 32767, -180, 32767, 7591, -3264, 4814
1584742294.69, 442, 485, 480, 428, -32768, 12576, 1896, 7131, -6407, 5174
1584742294.75, 456, 466, 494, 413, 32767, 13504, -24756, 7269, -2337, -2974
1584742294.79, 463, 449, 508, 397, -32768, 5340, 32767, 8091, -1781, 1743
1584742294.85, 468, 445, 512, 378, 12576, 26560, 14240, 7173, -4078, -1919
1584742294.92, 472, 437, 535, 374, -32768, 32767, 26060, 7095, -3112, 161
1584742294.99, 474, 432, 539, 365, -32768, 32767, -1780, 8533, -1494, 315
1584742295.05, 474, 432, 548, 354, 32767, 4696, 32767, 7945, 96, 201
1584742295.12, 477, 430, 562, 356, 30304, -21324, -2760, 9955, -1561, 2456
1584742295.18, 480, 431, 565, 352, -32768, 7140, 23276, 10768, -2534, -1615
1584742295.25, 482, 430, 566, 351, -26160, 6976, 12860, 11707, 163, -5252
1584742295.29, 486, 429, 566, 350, -32768, 10696, 32767, 10487, 383, 1380
1584742295.35, 490, 428, 563, 350, 16668, -21400, 11788, 10805, -1529, -4707
1584742295.42, 494, 428, 566, 350, -32768, -956, 32767, 12029, -722, -4491
1584742295.49, 496, 429, 570, 349, -32768, -16120, 22628, 11215, -1325, -8717
1584742295.55, 492, 428, 569, 346, -2044, 32767, 31132, 10967, -211, 2886
1584742295.62, 482, 428, 557, 346, -8044, 14204, 24468, 9796, -1578, 392
1584742295.68, 481, 428, 564, 346, -32768, -3352, 6808, 10428, -2958, -9569
1584742295.75, 487, 428, 585, 346, -32768, 32767, -9040, 9718, 922, -8451
1584742295.82, 485, 428, 585, 346, 9244, -3008, 32767, 8372, 1033, 725
1584742295.88, 480, 428, 581, 346, -32768, 28092, 32767, 8687, -455, 1689
1584742295.92, 481, 428, 562, 347, -32768, -32768, -1200, 7688, 180, -7493
1584742295.99, 488, 428, 576, 347, 26056, 32360, 32767, 6823, 2582, -7410
1584742296.05, 485, 428, 573, 346, -23196, -1604, 32767, 6653, 2860, 878
1584742296.12, 482, 428, 577, 346, -32768, -12100, 14828, 8629, -2461, -1309
1584742296.18, 482, 428, 579, 347, -14196, 14596, 29736, 9074, 185, -8614
1584742296.25, 485, 428, 571, 347, -9612, 4896, 32767, 8302, 483, -1262
1584742296.32, 489, 428, 549, 347, -23632, -17056, -1344, 8387, 2446, -3762
1584742296.38, 490, 427, 548, 350, 31572, 11984, -4128, 10415, -350, -800
1584742296.42, 494, 428, 560, 356, -32768, 11564, 23488, 10060, 280, -810
1584742296.48, 499, 428, 547, 356, -32768, 7760, 8500, 7630, 604, 1183
1584742296.55, 497, 428, 533, 355, -32768, -11208, 27376, 5313, -3123, 941
1584742296.62, 490, 428, 528, 351, 23000, 24216, 9708, 4232, 646, 2672
1584742296.68, 490, 429, 522, 348, 28664, -13540, 5560, 924, 1126, 3532
1584742296.75, 498, 448, 513, 348, -15144, 2072, 25676, -3009, -1148, -3259
1584742296.82, 492, 449, 518, 352, -17180, -3340, 25924, -2601, 3190, -3467
1584742296.85, 481, 449, 519, 360, -4972, 28944, 2868, -3016, 884, -2142
1584742296.92, 476, 456, 512, 365, -14440, 10236, -14816, -3866, 5699, 4835
1584742296.99, 466, 457, 484, 366, -32768, -10404, -22128, -2591, 1617, -1835
1584742297.05, 458, 466, 478, 369, -31472, -32768, -30472, -3828, 3106, 1203
1584742297.12, 459, 480, 464, 376, 32767, 32767, 32767, -2384, 2337, 9030
1584742297.18, 460, 481, 448, 379, -32768, -21500, 9536, -1458, -980, -1754
1584742297.25, 451, 479, 442, 380, 30444, 28172, 15320, -49, -75, 2821
1584742297.32, 453, 478, 438, 380, -1184, -7336, 16664, -1316, 1702, 1670
1584742297.38, 452, 479, 427, 380, -32768, 15244, -17948, -260, -1045, -10100
1584742297.45, 444, 480, 421, 377, -32768, -28460, -14732, -2390, -245, -5965
1584742297.52, 438, 485, 421, 381, -844, 7820, 22464, -2897, 1097, 1637
1584742297.58, 433, 487, 422, 396, -29480, 11548, -29172, -2845, 2776, -3522
1584742297.62, 427, 488, 421, 397, 7132, -2484, 19724, -3968, 661, 1782
1584742297.68, 417, 488, 413, 394, -11572, 8512, -2620, -3746, -1619, -15521
1584742297.75, 416, 492, 409, 392, -32768, -5668, 17412, -2988, 377, -4206
1584742297.82, 422, 498, 399, 396, -32768, 5884, -18708, -2129, -664, -3229
1584742297.88, 426, 494, 395, 406, 19376, 16016, -4624, -1864, 1289, -2447
1584742297.95, 422, 498, 394, 410, -32768, 5072, 15528, -2428, -2243, -2600
1584742298.02, 419, 494, 394, 409, -32768, 19488, 32084, -2041, -1255, -7310
1584742298.08, 414, 498, 393, 402, -32768, -28244, 22316, -2164, -1702, -6585
1584742298.15, 420, 500, 398, 402, 13416, -32768, -16676, -3047, 1622, 709
1584742298.22, 415, 504, 398, 402, 32767, 32767, -8412, -2757, 523, 1205
1584742298.28, 410, 499, 398, 407, -32768, 8172, 19596, -3921, 1530, -2201
1584742298.35, 413, 503, 398, 415, -3044, 30144, -12824, -3899, 2610, 657
1584742298.42, 411, 505, 397, 425, -8848, -31628, -25328, -4997, -1735, 1144
1584742298.45, 406, 505, 392, 415, 32767, 30768, 12652, -4016, -70, -413
1584742298.52, 404, 510, 394, 416, -32768, 1552, -22128, -4273, 3054, -3050
1584742298.58, 400, 518, 396, 432, 4020, 13200, -28104, -4793, -98, -1584
1584742298.65, 394, 512, 397, 436, -23188, 9160, 11648, -5104, 2873, -509
1584742298.72, 392, 512, 392, 443, -32768, 32767, -31160, -6408, 36, -7117
1584742298.78, 394, 518, 382, 439, 32767, 5356, 5976, -5017, -178, 2337
1584742298.85, 394, 519, 381, 441, -32768, 16704, -3860, -5593, 1658, -3754
1584742298.92, 387, 522, 389, 456, 17464, 28176, -504, -6197, 2968, -7523
1584742298.98, 387, 515, 389, 489, 18084, 7268, -6576, -9090, 3286, -1693
1584742299.05, 385, 515, 389, 506, 10448, -24296, -32768, -11494, 3488, -1686
1584742299.08, 384, 517, 383, 506, 22264, 3532, -32768, -12012, 99, 2010
1584742299.15, 383, 518, 378, 509, -23052, -30944, -872, -11974, -1681, -4620
1584742299.22, 384, 522, 381, 518, -12236, -18916, -18196, -12158, -6321, 687
1584742299.28, 382, 521, 384, 519, 32767, 6120, -18560, -11892, 2461, -313
1584742299.35, 383, 525, 381, 533, -32768, 8700, -24856, -10067, -1324, 6785
1584742299.42, 383, 525, 383, 531, 6112, 12408, -29980, -9458, 718, -3657
1584742299.48, 382, 526, 380, 540, 1460, 4828, -652, -8947, 2787, -3875
1584742299.55, 383, 526, 377, 546, 18340, 7404, 27992, -11437, -452, 8190
1584742299.62, 383, 526, 376, 547, -32768, -7008, -14116, -11005, -249, -5811
1584742299.68, 382, 525, 376, 554, 3664, 15032, 8584, -8957, 2361, -6127
1584742299.75, 383, 524, 376, 558, 32767, -7948, -32768, -7316, 1112, -13
1584742299.78, 383, 520, 376, 557, 32767, 6108, -13616, -7421, 1190, 1481
1584742299.85, 383, 518, 376, 551, -11236, 9528, -10092, -6799, -8266, -1712
1584742299.92, 383, 512, 376, 551, -32768, -6260, -8744, -5437, 608, -7320
1584742299.98, 383, 510, 376, 552, 1288, 5528, -32040, -5625, -740, -708
1584742300.05, 383, 518, 376, 552, -30772, -2444, -16808, -6106, -103, -2131
1584742300.12, 383, 518, 375, 547, -1840, -3336, 7288, -5935, -3590, -1969
1584742300.18, 383, 517, 376, 544, 14296, 12528, -564, -5190, -2805, -3220
1584742300.25, 383, 516, 376, 548, 22192, 13064, -4360, -6895, -2663, -3558
1584742300.32, 383, 517, 376, 555, 32767, 11660, -2008, -9946, -6036, -3037
1584742300.38, 383, 518, 376, 559, -32768, -21376, -5788, -10869, 278, -5535
1584742300.45, 383, 518, 376, 559, 32767, 18560, 13796, -11192, -1259, 2752
1584742300.51, 383, 517, 376, 557, 32767, 4040, -17368, -10898, -6232, 8228
1584742300.58, 383, 516, 376, 546, -32688, -22320, -32768, -10475, -1793, -5757
1584742300.65, 383, 516, 376, 543, 32767, -6208, 4352, -12467, -3465, 15174
1584742300.71, 383, 518, 376, 542, -32768, 704, -1128, -9861, -2117, -11061
1584742300.75, 383, 524, 377, 543, 604, 17768, 2724, -11051, 43, -2340
1584742300.82, 383, 528, 379, 547, -32768, 6368, -26108, -12350, -1180, -2168
1584742300.88, 383, 528, 379, 547, -32768, 25340, -32768, -12131, -3488, -3413
1584742300.95, 383, 528, 378, 544, -32768, 15428, -9844, -11966, -960, -2020
1584742301.02, 383, 528, 379, 537, -32768, -32768, -32768, -12705, -1850, -7433
1584742301.08, 383, 528, 377, 531, 32767, -6052, 300, -11698, -2795, -2133
1584742301.15, 383, 528, 381, 531, -32768, -32768, -32768, -11349, -1474, -7597
1584742301.22, 383, 530, 382, 531, 32767, 9144, 32767, -13909, 296, 2119
1584742301.28, 383, 530, 382, 529, -32768, -23752, -7004, -13360, -2336, -5812
1584742301.35, 383, 526, 382, 512, -32768, -32768, -32768, -13520, -4502, -37
1584742301.42, 383, 531, 392, 494, 32767, -8668, 32767, -11372, -536, -89
1584742301.48, 389, 544, 393, 494, -5980, -4784, 12492, -9676, -7, 1572
1584742301.55, 388, 548, 392, 484, -32768, -29188, -32768, -7523, -2951, -3342
1584742301.61, 398, 547, 390, 483, 6556, 5308, 14848, -2697, 290, 2111
1584742301.68, 393, 541, 390, 482, 2660, -808, -30336, -2223, -2462, -2971
1584742301.75, 390, 532, 390, 472, -32768, 4204, -32460, -1979, -895, 324
1584742301.81, 389, 531, 393, 464, -21880, -32544, -32768, -2344, -1152, -2579
1584742301.88, 413, 535, 393, 444, -20124, -19872, -26840, -1953, -129, 1647
1584742301.91, 422, 536, 393, 443, 32767, 680, 8008, 86, -592, 1733
1584742301.98, 425, 535, 393, 435, -13568, 9656, 21940, -222, -4197, 14
1584742302.05, 429, 527, 394, 428, -10100, 9060, 31900, -224, -833, 3229
1584742302.11, 430, 522, 393, 426, 22940, 18944, -8740, -681, -3474, -958
1584742302.18, 430, 517, 395, 417, -32768, -19820, -16980, -938, 502, -4536
1584742302.25, 430, 515, 394, 416, 6424, 3432, 15684, -2052, -2548, -3848
1584742302.28, 428, 514, 392, 415, -16428, 30812, -32, -1679, 447, 2034
1584742302.35, 426, 513, 394, 416, 484, 2644, -7880, -3475, -570, 3070
1584742302.41, 423, 513, 395, 413, -32768, 2200, 9224, -3111, 1146, -1782
1584742302.48, 423, 512, 390, 413, -9292, -2864, 12436, -3945, -2665, 1327
1584742302.55, 421, 513, 391, 412, 14904, 20744, 10664, -2426, 1159, -700
1584742302.61, 419, 513, 394, 411, -17548, -5892, 26156, -3613, 358, 1719
1584742302.68, 422, 515, 391, 411, -32768, 18696, 5724, -2451, 1108, 1513
1584742302.75, 426, 515, 392, 412, -18692, 16188, -14972, -1529, -2200, -4283
1584742302.78, 421, 514, 394, 404, 10464, -20132, -32768, -2155, 331, -86
1584742302.85, 429, 514, 394, 401, 25436, -14936, 20556, -1508, -1460, -3748
1584742302.91, 426, 510, 392, 401, 32767, 32767, 32767, -887, -2362, 1458
1584742302.98, 431, 508, 400, 401, -28108, -32768, -17132, -1111, -788, -1380
1584742303.05, 438, 500, 396, 400, -10188, -31820, -14216, -239, -1166, 4785
1584742303.11, 438, 500, 399, 397, -4152, 5964, 12508, -158, -2176, -692
1584742303.18, 433, 500, 408, 398, -32768, 10352, 7628, -461, -3268, -563
1584742303.25, 443, 500, 411, 393, 6148, -16716, -19560, -989, -1392, 2319
1584742303.31, 442, 498, 413, 388, 20892, 28936, 19736, -583, -1459, 666
1584742303.38, 446, 497, 413, 378, -32768, -14132, -28636, 143, -1224, 127
1584742303.41, 448, 495, 421, 375, 5320, -20048, 9000, 1212, -5894, -2662
1584742303.48, 458, 477, 442, 373, -32588, -19984, -22444, 4034, -181, -3091
1584742303.55, 458, 465, 456, 367, 20800, -7292, 20260, 4292, -3435, 6869
1584742303.61, 454, 455, 476, 361, 32767, 5952, 17448, 5360, -4728, 1752
1584742303.68, 464, 453, 493, 354, 6796, -17508, 23540, 5535, -2338, -2209
1584742303.75, 468, 440, 494, 352, -16508, 16972, 22000, 6580, -846, 334
1584742303.81, 470, 434, 493, 348, -32768, 7408, 28440, 6455, -527, -1620
1584742303.88, 473, 434, 527, 352, -13864, 884, -17528, 8161, 254, -3832
1584742303.95, 474, 430, 539, 354, -2016, -6716, 32767, 8758, -2730, 1351
1584742303.98, 472, 431, 547, 354, -24812, 31428, 15272, 11048, -5326, -1276
1584742304.05, 486, 431, 575, 352, -32768, -13604, 16004, 9612, 1037, -225
1584742304.11, 489, 429, 557, 352, 32767, 5800, -10252, 10193, 648, 2681
1584742304.18, 487, 429, 544, 348, -32768, -13496, 31368, 10128, 2790, -1979
1584742304.25, 485, 430, 538, 349, -6244, 428, 16916, 10955, -1421, -3495
1584742304.31, 492, 431, 537, 349, -32768, 10876, 32767, 8815, -4938, -5525
1584742304.38, 494, 431, 563, 348, 32767, -88, 932, 8853, 325, -4885
1584742304.45, 491, 431, 584, 351, -12108, 23508, 5684, 9493, 4701, -3380
1584742304.51, 477, 430, 577, 351, -24108, 21060, 32767, 11900, -3183, -4157
1584742304.58, 480, 427, 567, 349, 13544, -28740, -14216, 10797, -2549, -1751
1584742304.61, 498, 428, 557, 347, 21416, -22608, 25500, 7395, 2115, 1038
1584742304.68, 501, 428, 552, 351, -32768, -17084, 31636, 8001, 3855, -2060
1584742304.75, 500, 428, 551, 356, 15676, 10600, 8456, 9274, -1099, 1970
1584742304.81, 498, 428, 551, 354, 32767, -19060, 32767, 7445, 930, 2386
1584742304.88, 498, 429, 550, 354, -32768, 27652, 12364, 5391, 951, 7110
1584742304.95, 498, 430, 539, 354, -30500, -23936, -24816, 2690, -69, 427
1584742305.01, 501, 431, 529, 348, 19072, -20324, -11896, 1, 2027, -3106
1584742305.08, 494, 431, 524, 349, -2936, -32768, -5836, -1864, 438, -3665
1584742305.11, 491, 433, 523, 352, -18660, 14256, -6760, -2127, -185, -2859
1584742305.18, 486, 437, 514, 354, -17988, 1504, -9284, -2924, 2415, 7361
1584742305.25, 481, 444, 510, 361, -32768, 21732, -31828, -2216, 2207, 1947
1584742305.31, 473, 444, 491, 364, -25748, 26308, 28352, -1326, 2192, -406
1584742305.38, 464, 453, 474, 365, -32768, -32696, -13968, -2548, 1875, -120
1584742305.45, 458, 456, 459, 373, 22992, 32767, 32767, -1402, 2864, 5735
1584742305.51, 453, 471, 440, 384, -32768, 30488, -32768, -2435, 2571, -1553
1584742305.58, 442, 481, 428, 400, -32768, 17584, -1160, -3791, 3293, 688
1584742305.65, 432, 488, 420, 415, 20716, 7416, -32768, -4255, 813, -3151
1584742305.71, 421, 496, 413, 435, -25332, -18872, -24748, -6811, 2733, -74
1584742305.78, 404, 504, 413, 447, 10332, 11404, 17308, -8024, 1369, -1794
1584742305.84, 396, 506, 399, 458, -32768, -5568, -32768, -8840, -1061, -766
1584742305.91, 392, 508, 396, 468, -15096, -8972, -8136, -10413, 1280, -1721
1584742305.95, 389, 516, 391, 475, 32767, 10772, -6884, -11459, 120, -1546
1584742306.01, 390, 522, 389, 482, -32768, -27744, 4436, -10232, 2407, -5032
1584742306.08, 386, 523, 384, 481, -8132, 23484, 16744, -10088, -3372, -1516
1584742306.15, 386, 518, 384, 488, -4608, -3016, -18096, -12348, 1258, -4717
1584742306.21, 386, 518, 384, 497, -32768, -9160, -23668, -13455, -244, -1093
1584742306.28, 384, 524, 384, 507, -32768, 20312, 12112, -13991, 141, 328
1584742306.35, 384, 529, 383, 507, -32768, -27748, -11948, -13566, -401, -7238
1584742306.41, 383, 531, 383, 509, -10308, -11080, -32768, -12864, -2007, -5336
1584742306.48, 383, 532, 383, 512, 20616, 23596, -1248, -11229, 2730, -4744
1584742306.55, 383, 532, 382, 529, -32768, 3992, 19648, -10589, -185, -13520
1584742306.61, 383, 531, 382, 531, -29468, -14728, -32768, -10666, -763, -7406
1584742306.68, 383, 531, 381, 531, -32768, 32767, 25928, -7854, -1766, -7018
1584742306.75, 383, 531, 378, 528, -20740, 10228, -8292, -9107, -3159, 2160
1584742306.81, 383, 528, 377, 528, -30776, 18788, -24436, -8176, -2609, -3838
1584742306.88, 383, 530, 382, 524, 22756, -19780, -31456, -9974, -2619, -1226
1584742306.95, 383, 536, 384, 524, -21420, -32768, -8476, -9024, -2765, -1465
1584742307.01, 383, 538, 391, 517, -32768, 1816, -32768, -9001, -734, 1834
1584742307.08, 384, 543, 391, 512, -24256, 19628, 18964, -7111, -592, 8462
1584742307.14, 384, 543, 391, 491, 25380, -32768, 15152, -5744, -2308, -1600
1584742307.21, 389, 542, 392, 488, -2144, 3192, -9480, -4484, -1847, 169
1584742307.28, 389, 542, 395, 485, 32767, 20292, -2612, -2595, 1588, 1697
1584742307.34, 387, 539, 403, 479, -32768, 10656, -32768, -3918, -1981, 1356
1584742307.41, 389, 531, 403, 470, 5828, 10304, -14340, -2914, -617, 2754
1584742307.45, 396, 530, 398, 463, -32768, 22100, -20288, -755, -2055, 2798
1584742307.51, 421, 532, 392, 457, 32767, 18220, 32767, 920, -3297, -2545
1584742307.58, 431, 528, 414, 455, -32768, -2580, -32768, -211, 520, 1903
1584742307.64, 440, 528, 428, 437, -32768, -32768, 8348, -418, -1999, -1814
1584742307.71, 432, 526, 446, 415, 16532, 20940, 27216, -359, -2428, 4638
1584742307.78, 428, 521, 455, 407, -32768, -5592, -15248, -193, -5018, 900
1584742307.84, 441, 517, 435, 390, -32768, -21704, -7200, 663, -4489, -412
1584742307.91, 457, 499, 435, 385, 5084, 30360, 11776, 4001, -1728, -3110
1584742307.98, 470, 466, 445, 387, -32768, -6076, 32767, 5991, -2021, -2037
1584742308.04, 475, 452, 472, 387, 30048, 32767, 32767, 8446, -3039, -3396
1584742308.08, 462, 442, 485, 375, -32768, -19892, 9664, 8565, -5564, 655
1584742308.14, 463, 436, 480, 355, -32768, -18556, 17180, 8066, -648, 705
1584742308.21, 466, 438, 508, 348, 32767, 12876, -1972, 7499, -3075, 2379
1584742308.28, 489, 438, 513, 347, -32768, -19068, -14716, 5486, -1180, -1995
1584742308.34, 487, 436, 517, 350, -32768, 32767, 28092, 6593, -3182, -1337
1584742308.41, 484, 432, 529, 350, -4312, -32768, -2200, 7581, 53, -1801
1584742308.48, 492, 429, 528, 352, -21852, 23224, 32767, 7944, 1702, -4117
1584742308.54, 487, 428, 525, 351, -12188, 24920, -14316, 9914, -1517, -1170
1584742308.61, 488, 429, 526, 351, -32768, -25440, -27048, 10247, -3533, 2100
1584742308.68, 493, 429, 527, 348, -9156, -7644, 32767, 8296, -1004, 4357
1584742308.74, 493, 429, 527, 348, -32768, -32768, -26860, 8957, -1493, -627
1584742308.78, 489, 429, 528, 348, -428, 18396, 32767, 9706, 804, -2640
1584742308.84, 486, 429, 527, 348, -32768, -16100, -3208, 10412, -789, -3548
1584742308.91, 492, 429, 517, 347, -32768, 1136, 6400, 9152, -989, -3351
1584742308.98, 493, 429, 523, 347, -14076, -32768, 29696, 7705, 1675, -1776
1584742309.04, 492, 429, 522, 348, -32768, 31656, 32767, 6089, -1021, 2417
1584742309.11, 488, 429, 521, 348, -32768, -32768, -32768, 4607, 426, -3180
1584742309.18, 485, 430, 513, 349, 32767, 1248, -752, 4479, 1313, 1976
1584742309.24, 485, 432, 516, 352, -4800, 22520, 32767, 2356, 1593, 723
1584742309.31, 483, 439, 510, 355, 21172, -30652, -12464, -1396, 446, 2070
1584742309.34, 480, 442, 501, 356, -12372, 32767, 9052, -1241, 1129, -4649
1584742309.41, 468, 449, 489, 356, -32768, -23748, -32768, -3918, 5260, -2380
1584742309.48, 456, 470, 474, 367, -32768, -5252, -13252, -5853, 5019, -5279
1584742309.54, 435, 483, 468, 409, -32768, -32768, -32768, -8977, 7338, -8067
1584742309.61, 407, 496, 460, 464, 32767, -29108, -25768, -12569, 5159, 4933
1584742309.68, 393, 496, 443, 482, 5064, 29840, 10260, -12874, 2255, 841
1584742309.74, 391, 502, 422, 490, -32768, -31244, 1544, -11671, 797, -2326
1584742309.81, 390, 526, 403, 491, -32768, 7364, 32767, -7722, -503, -2930
1584742309.88, 389, 532, 402, 495, 22916, 10236, -18232, -8191, 3936, -2644
1584742309.94, 389, 530, 396, 502, -32768, -27684, -31848, -8151, -3067, 1472
1584742310.01, 388, 522, 397, 496, -1852, 3592, -32768, -6304, -4114, -5642
1584742310.08, 389, 518, 392, 481, -32768, 24944, -32768, -5205, -2020, 3348
1584742310.14, 399, 527, 382, 469, -32768, 26904, 32016, -840, -1049, 2639
1584742310.21, 403, 531, 395, 465, -32768, -32768, -32768, 464, -1614, 996
1584742310.28, 403, 531, 409, 465, 32767, 32767, 30704, 1101, -1016, 502
1584742310.34, 405, 527, 408, 461, -11032, -5300, -2912, 1615, -3495, -171
1584742310.38, 414, 518, 408, 451, -15812, -15560, -25180, 542, 1606, 71
1584742310.44, 412, 518, 403, 432, 32767, 32767, 4788, -596, -529, -1982
1584742310.51, 407, 520, 402, 423, -21516, 5816, -32768, -2967, 572, -1200
1584742310.58, 403, 522, 403, 435, -11604, -11720, -20356, -5151, 1383, -5213
1584742310.64, 396, 519, 406, 483, -32768, -8676, -3576, -7155, 1145, 1397
1584742310.71, 393, 510, 397, 490, -5732, 21088, -2980, -6874, 1209, -2205
1584742310.78, 393, 508, 389, 485, -32768, 16728, -32108, -6312, 1848, 3565
1584742310.84, 396, 531, 386, 482, -32768, 14512, 21712, -4759, -2061, 794
1584742310.91, 407, 548, 386, 481, -10892, -11092, -13924, -3808, -481, -9122
1584742310.97, 401, 544, 393, 486, -31400, -6700, 1808, -4913, 872, -3490
1584742311.04, 390, 536, 392, 488, -16104, -25180, -6576, -6625, -2873, -4647
1584742311.11, 388, 533, 393, 488, -6792, -27240, -11932, -8068, -1528, 856
1584742311.14, 387, 532, 393, 484, -21460, 22040, -10084, -9039, 79, -339
1584742311.21, 388, 536, 393, 468, 6860, -14580, -8404, -9018, 721, -182
1584742311.28, 396, 542, 393, 461, 5008, -13304, -12180, -7940, 2158, -5265
1584742311.34, 390, 544, 393, 461, -32768, 3288, -12524, -9322, -3562, 4072
1584742311.41, 396, 541, 398, 451, 28892, 3216, -5660, -4308, 2184, -2739
1584742311.47, 394, 524, 398, 455, -23820, 18808, 20632, -2158, -4116, 3453
1584742311.54, 404, 517, 415, 449, 17840, 14736, -472, 885, -3911, 2204
1584742311.61, 420, 510, 421, 435, -9924, 5660, -3752, 4057, -4, 3794
1584742311.64, 430, 508, 422, 426, -32768, 3496, -1308, 5179, -3659, 8477
1584742311.71, 431, 503, 445, 414, -32768, -10516, 28912, 7790, -7265, -2597
1584742311.78, 452, 491, 454, 397, 11692, 7120, 23480, 6483, -1253, 144
1584742311.84, 461, 483, 462, 393, -32768, -952, 28680, 5357, -7448, -5799
1584742311.91, 464, 465, 489, 390, 32767, 32767, 32767, 7167, -1264, -3906
1584742311.98, 466, 448, 504, 383, -29140, -12336, 27560, 8252, -614, -1764
1584742312.04, 461, 435, 505, 376, 25164, 22632, 32767, 8637, -3670, 1360
1584742312.11, 466, 431, 525, 372, -32768, -18676, 22800, 8473, -2514, 2317
1584742312.17, 481, 431, 526, 368, 32767, 27700, 32767, 9280, -1375, -419
1584742312.24, 481, 431, 532, 363, -32768, 5900, 28024, 8750, -998, -2481
1584742312.28, 483, 429, 538, 361, 22052, -10892, 13576, 8996, -291, -595
1584742312.34, 485, 429, 541, 361, -13476, -32768, 5996, 10398, -2806, 3310
1584742312.41, 486, 429, 545, 358, 32767, 32767, 30592, 11742, -1736, 956
1584742312.47, 487, 429, 542, 350, -32768, 6060, 32767, 11351, -437, -2247
1584742312.54, 488, 428, 542, 349, -32768, 6780, -324, 11730, -1295, -9360
1584742312.61, 487, 429, 550, 349, 32767, -14008, 3236, 13838, -1044, -6613
1584742312.67, 486, 429, 552, 348, -32768, 14844, 28672, 13429, -3019, -1014
1584742312.74, 486, 429, 556, 347, -6488, 2476, 32767, 13485, -3982, -6204
1584742312.81, 488, 429, 568, 347, -32768, -4168, -32768, 12633, -1457, -6222
1584742312.87, 487, 429, 576, 347, 26268, -2244, 1040, 11390, -484, -12412
1584742312.94, 483, 429, 585, 346, 32767, -16344, -748, 11129, 3255, 10071
1584742313.01, 480, 428, 584, 346, -26944, 8276, -12348, 13178, 1562, -1113
1584742313.04, 481, 428, 578, 346, 32767, 11552, -6512, 12884, 2537, 8222
1584742313.11, 480, 428, 565, 346, -19864, -12012, -2096, 11652, 33, 2936
1584742313.18, 486, 428, 559, 346, 4720, 30736, 7380, 12539, 1522, -62
1584742313.24, 498, 427, 546, 347, -10720, -15388, 26168, 11023, 4847, -2948
1584742313.31, 511, 427, 552, 350, -32768, 26124, -2768, 7734, -3520, -7845
1584742313.37, 509, 428, 576, 352, -12356, -10288, 32767, 8405, -2186, -2260
1584742313.44, 499, 427, 580, 351, -23412, -21236, 2708, 10154, -2061, -732
1584742313.51, 496, 428, 571, 347, 27616, 7200, -5436, 10401, -296, -152
1584742313.57, 490, 428, 556, 348, 32767, 9148, 25352, 10047, 3235, 13406
1584742313.64, 481, 428, 537, 347, -17012, -32768, -3344, 9417, 2368, 3534
1584742313.67, 489, 428, 525, 350, 23724, 26080, 25252, 11546, 2472, 90
1584742313.74, 505, 428, 523, 353, -32768, 25256, 32767, 10724, 1144, 3316
1584742313.81, 510, 430, 522, 352, -32768, 2380, -30332, 7455, 434, 189
1584742313.87, 505, 439, 515, 348, -32232, -31168, -8600, 3527, 1118, -3456
1584742313.94, 490, 442, 513, 348, 32767, -5940, -10832, 2388, 2, 275
1584742314.01, 479, 442, 506, 348, 16936, 8248, 26184, -283, 1730, 3938
1584742314.04, 471, 442, 498, 353, 29536, 1908, 15140, -536, 176, 3861
1584742314.11, 475, 446, 489, 356, -32768, 17332, 5428, -402, -302, 1202
1584742314.17, 475, 455, 483, 362, 19544, 4280, 27476, -842, 1010, -2978
1584742314.24, 472, 455, 469, 361, -32768, 14848, 1240, -2603, 3563, 1656
1584742314.31, 461, 456, 452, 366, -7480, -32328, -32768, -3462, 1379, -1518
1584742314.37, 452, 464, 435, 374, 12132, -32768, -10948, -3626, 210, 2553
1584742314.44, 443, 475, 428, 389, 32767, -9524, 25028, -3282, 906, -5022
1584742314.51, 439, 482, 421, 393, -32768, 21496, 1856, -3113, 1529, -4698
1584742314.54, 435, 485, 413, 402, -32768, 11776, 19184, -3976, 2386, 2916
1584742314.61, 427, 488, 401, 402, 19248, 11912, -9716, -4375, -516, 12143
1584742314.67, 425, 488, 389, 409, 32767, 32767, 32767, -2948, -1236, -571
1584742314.74, 425, 498, 389, 423, -32768, 13396, -32768, -4034, 877, 402
1584742314.81, 421, 500, 391, 427, -3780, 4072, 5152, -4444, 489, 6397
1584742314.87, 417, 499, 391, 425, -5776, -32768, -17768, -4730, 2132, -612
1584742314.94, 400, 504, 392, 418, -32768, -32724, -17220, -5521, -3099, -1986
1584742315.01, 404, 511, 404, 421, -32768, -29232, -32768, -5350, 2712, 4978
1584742315.07, 409, 517, 396, 416, 32767, -808, 10644, -4938, -1456, 9023
1584742315.14, 414, 513, 395, 400, -4892, -32268, -32768, -2001, 3777, -2123
1584742315.21, 409, 520, 410, 434, -888, -32768, -12424, -4009, -3497, 2868
1584742315.27, 422, 518, 407, 449, -12012, 8280, 18140, -1607, -5376, -10037
1584742315.34, 422, 503, 393, 421, -14144, 26580, -18316, 1060, 259, 1648
1584742315.37, 424, 495, 426, 422, -32768, -1652, 23380, -271, 4506, 8076
1584742315.44, 441, 528, 427, 450, -8144, -32768, -20992, 297, -12008, 819
1584742315.51, 435, 510, 432, 435, 16940, 12300, 2276, 1954, -1202, 9285
1584742315.57, 440, 483, 419, 422, -4808, 20100, -32768, 1837, 3115, -68
1584742315.64, 454, 502, 407, 406, 10468, -5940, 19552, 1704, -4854, -828
1584742315.71, 450, 506, 422, 392, 444, -32768, -27700, 1069, -20, -5859
1584742315.77, 441, 504, 444, 402, -24348, -9760, 17344, -334, -4989, -9871
1584742315.84, 433, 489, 445, 402, -12652, 15268, -32768, 365, 1666, 2600
1584742315.87, 434, 479, 440, 401, -25864, 14420, 19980, -2695, 2085, 11151
1584742315.94, 444, 487, 432, 399, -17872, 3616, 220, -1413, -2150, -140
1584742316.01, 454, 498, 432, 398, -32768, 19408, -10416, -1165, 3111, 3280
1584742316.07, 453, 500, 432, 398, -22996, 32256, -7876, -638, -312, -3370
1584742316.14, 445, 500, 432, 399, 32767, 32767, 32767, -2085, -1040, -817
1584742316.21, 441, 497, 427, 401, 4044, -18172, -20636, -2120, -797, -2973
1584742316.27, 436, 490, 424, 399, -32768, 10384, -8924, -1089, 2262, 1997
1584742316.34, 431, 489, 417, 397, -5128, -6660, -24844, -1510, -978, -3031
1584742316.41, 425, 489, 417, 399, 14268, -32768, -3244, -2639, -2841, 3584
1584742316.47, 430, 488, 408, 393, 32767, 32767, 9108, -308, 2387, -366
1584742316.51, 428, 488, 404, 391, 32767, 3648, -108, -1082, -323, 2208
1584742316.57, 426, 488, 408, 407, -32768, -27652, -5096, -817, -4240, -2072
1584742316.64, 425, 482, 422, 408, -32768, 31480, 17164, -386, -38, -5301
1584742316.71, 426, 480, 434, 411, 13092, -32768, -25388, -536, -1047, 5980
1584742316.77, 432, 499, 463, 411, -32768, -8328, 12400, -684, 873, 6566
1584742316.84, 444, 501, 453, 411, -32768, 32767, -44, -722, -1647, -2527
1584742316.9, 457, 505, 452, 411, -32768, -15608, 14412, -2316, 2408, 843
1584742316.97, 454, 505, 452, 423, 32767, 7984, -13024, -3039, 2628, -3136
1584742317.04, 434, 505, 441, 424, -32768, 25052, -17372, -3778, -596, -2405
1584742317.1, 417, 500, 428, 419, 12440, 14368, 23832, -5248, 4360, -1010
1584742317.17, 411, 500, 413, 441, -32768, -32768, -13648, -5529, 222, -4167
1584742317.21, 395, 498, 398, 442, -8336, -9388, 9152, -7493, 3212, 11279
1584742317.27, 392, 504, 395, 469, -32768, 26544, 184, -6687, 3058, -5767
1584742317.34, 388, 511, 397, 482, 11752, -16080, -13576, -10015, -101, -1944
1584742317.41, 385, 521, 404, 512, -32768, -3804, -11168, -11634, 2331, -836
1584742317.47, 383, 536, 399, 498, 7996, 1032, -23600, -10949, 393, -2071
1584742317.54, 383, 544, 396, 535, -32768, 3660, -7116, -11106, -482, -3962
1584742317.61, 383, 542, 396, 544, 32767, 29968, 16924, -12062, 1848, -9114
1584742317.67, 383, 546, 393, 544, -32768, 7164, 8348, -11733, 1690, -5777
1584742317.74, 383, 557, 388, 544, 31152, 16364, 13164, -8670, -1830, -2894
1584742317.8, 383, 549, 385, 544, -32768, 3228, -14436, -9298, 1419, -9047
1584742317.87, 383, 544, 385, 545, -16008, 22472, 32767, -9646, 3073, -4323
1584742317.94, 383, 543, 376, 545, -23220, -12952, -32220, -9075, -853, -8703
1584742318.0, 383, 543, 376, 545, 1712, -8552, -32768, -6698, -842, -7218
1584742318.07, 383, 539, 376, 545, -8100, 14412, 17840, -7577, -2032, -3190
1584742318.14, 383, 537, 376, 545, -26748, 17924, 9924, -6697, -2722, -7920
1584742318.2, 383, 538, 377, 545, -32768, -4832, -32768, -4983, -2242, -5183
1584742318.24, 383, 540, 381, 545, -4260, 8384, 6820, -5575, 1871, -2391
1584742318.31, 383, 552, 383, 553, 15736, 13272, -780, -7663, 3753, -1360
1584742318.37, 383, 554, 382, 558, 30640, -1552, 2424, -8110, 1948, -2992
1584742318.44, 383, 549, 379, 561, -26428, -224, -3992, -10000, 1291, -8577
1584742318.5, 383, 543, 376, 559, 32767, -11820, -32768, -10250, -409, 7605
1584742318.57, 383, 533, 376, 559, -32768, 11776, -32768, -9064, -1785, -4835
1584742318.64, 383, 529, 376, 552, 17328, -3652, 5320, -9181, -2237, -2868
1584742318.7, 383, 530, 376, 550, -32768, 15812, -32316, -8491, -2283, 12042
1584742318.77, 383, 531, 375, 548, -32768, -4788, 6100, -6260, -4063, -5397
1584742318.84, 383, 532, 378, 547, 17944, 22668, 4012, -7328, -3115, -4623
1584742318.9, 383, 532, 381, 548, -32768, -3908, -12756, -9065, 1412, -5792
1584742318.97, 383, 534, 381, 548, -32768, -31120, -32768, -10075, -1263, -5093
1584742319.04, 383, 534, 381, 548, -13804, 19896, -11608, -10844, -1089, -5665
1584742319.1, 383, 533, 380, 548, -32768, 2108, -4588, -11430, -12, -8594
1584742319.17, 383, 532, 376, 548, 32767, -16084, -32768, -11424, -1595, -2929
1584742319.24, 383, 532, 376, 546, -32768, 27244, -19588, -12134, 836, -5299
1584742319.3, 382, 534, 377, 546, -7732, 10500, 9316, -12695, 347, -2982
1584742319.37, 383, 535, 377, 546, -18652, -19504, -32768, -13487, -2695, 1482
1584742319.44, 383, 536, 377, 545, 14932, -8060, 308, -13426, -809, -8289
1584742319.47, 383, 536, 378, 545, -608, 17384, -14260, -13735, -683, -1768
1584742319.54, 383, 535, 379, 540, -32768, -32768, -9564, -13372, -2668, -6432
1584742319.6, 383, 532, 379, 529, -32768, 32767, 21172, -11878, -2818, 1100
1584742319.7, 383, 533, 380, 520, -24800, -32768, -32768, -11136, -2439, -6076
1584742319.77, 383, 534, 382, 510, 30568, -32768, -32768, -11010, -4731, 1377
1584742319.8, 385, 536, 388, 497, 32767, 28916, 32767, -10420, -848, 1861
1584742319.87, 389, 542, 388, 494, -7780, 14292, 32072, -7560, 1853, -2815
1584742319.94, 393, 544, 388, 492, -32768, -12040, -14904, -6202, -955, -1510
1584742320.0, 391, 542, 388, 493, 32767, 14468, -11056, -4189, -479, -1698
1584742320.07, 387, 535, 388, 492, -32768, 8596, -5916, -4511, -2899, -8357
1584742320.14, 385, 532, 391, 481, -32768, 32767, 32767, -4825, -690, 3248
1584742320.2, 386, 533, 392, 469, 32767, 1392, -15960, -4908, 157, -272
1584742320.27, 397, 535, 390, 469, -32768, 20672, 32767, -3268, -3191, 12690
1584742320.34, 414, 536, 390, 462, 32767, 996, -7920, -2030, -718, -608
1584742320.4, 415, 536, 390, 457, -32768, -9320, -17524, -1680, -1451, -4320
1584742320.47, 414, 530, 399, 457, 32767, 9200, 32767, -1145, 475, -329
1584742320.5, 419, 527, 400, 454, -4636, 13192, 32767, -2205, -2066, 3077
1584742320.57, 419, 527, 399, 443, 21268, 31912, -2624, -608, -2477, -5969
1584742320.64, 419, 521, 400, 430, -30096, -32768, -32768, -2457, 275, 1099
1584742320.7, 420, 518, 400, 420, 32767, -23492, -17240, -2834, -2503, -1459
1584742320.77, 432, 517, 400, 418, -14444, 27612, 32767, 180, 508, -9910
1584742320.84, 435, 515, 400, 414, -32768, -11220, -32768, -1016, -1572, 768
1584742320.9, 434, 504, 400, 413, -4424, -18796, 25720, -1273, -1187, 7669
1584742320.97, 435, 499, 401, 405, -32768, 32767, 32767, -148, -53, 4559
1584742321.04, 437, 497, 409, 397, 6540, -32768, -32768, -480, -3157, 1216
1584742321.1, 441, 495, 412, 385, -27724, -6996, 31452, 1009, -2675, 1966
1584742321.17, 443, 491, 421, 371, -20452, 6872, 29072, 1939, -2974, -1253
1584742321.2, 448, 485, 428, 369, 4852, 19684, 15352, 2518, -2318, -515
1584742321.27, 453, 479, 434, 361, -32768, -2948, 32204, 2464, -177, 637
1584742321.34, 454, 474, 442, 359, 25892, 15612, 24272, 2523, -2060, -259
1584742321.4, 457, 469, 443, 357, -32768, 8128, -9156, 1871, -890, -1006
1584742321.47, 458, 468, 451, 356, 3460, 4316, -12536, 2141, -4, -590
1584742321.54, 457, 465, 455, 356, -32768, -32768, -5920, 2303, 580, 2790
1584742321.6, 459, 464, 456, 356, 32767, 7308, 31992, 1776, -1934, 2095
1584742321.64, 459, 461, 454, 355, -32768, -19232, 5916, 2503, -417, -4479
1584742321.7, 462, 457, 454, 356, -4860, 5812, -3988, 2543, 405, -390
1584742321.77, 462, 457, 453, 358, -32768, -13112, -10964, 1433, -3242, -3770
1584742321.84, 461, 454, 463, 371, -32768, -16920, -7844, 1420, -1255, -712
1584742321.9, 460, 452, 473, 374, -32768, 32767, 32767, 1356, -113, 773
1584742321.97, 462, 454, 473, 372, -32768, 15360, -636, -258, -788, 1998
1584742322.03, 463, 466, 477, 368, -14928, -11356, -15820, -1168, 534, 1250
1584742322.1, 470, 483, 482, 367, -32768, 13744, -6816, -758, 1437, -3517
1584742322.17, 470, 487, 479, 367, -32768, 14572, 32767, -954, -654, -4687
1584742322.2, 462, 484, 470, 366, -32768, -4088, -32768, -904, 152, -2840
1584742322.27, 460, 478, 464, 370, 13348, -1416, -23964, -784, -1300, -1074
1584742322.34, 456, 467, 458, 368, -32768, -19316, -2060, 978, 361, -4482
1584742322.4, 447, 460, 444, 364, 3492, 10956, 6276, 460, -2057, -724
1584742322.47, 448, 457, 453, 363, 28436, -29712, -21124, 1824, -2178, 5559
1584742322.54, 456, 454, 462, 362, -10624, 11728, 22232, 3926, -1696, -1995
1584742322.6, 453, 445, 478, 359, -32768, -6820, 6984, 4782, -4322, 2510
1584742322.67, 463, 443, 479, 348, 32767, -5296, 24376, 4415, -110, -2107
1584742322.73, 464, 441, 483, 348, -4664, -28688, 23604, 4389, -2125, 3659
1584742322.8, 471, 438, 499, 348, 19524, -4448, 32767, 5364, -2096, -1581
1584742322.84, 467, 431, 520, 352, -26616, -11900, 32767, 6054, 67, 6976
1584742322.9, 466, 431, 526, 355, 32767, 26348, 10212, 8698, -3093, 1835
1584742322.97, 480, 430, 531, 363, -32768, -2272, 32767, 9589, -3637, 4363
1584742323.04, 491, 429, 516, 349, 32767, 19052, 8712, 7658, 560, 695
1584742323.1, 492, 430, 497, 347, 32767, 13128, 32767, 5939, 682, -1690
1584742323.17, 495, 429, 525, 359, -32768, -16156, 28920, 5730, -3447, -3238
1584742323.23, 483, 429, 553, 356, 17480, 20852, -15172, 8935, -5942, -1736
1584742323.27, 482, 429, 561, 347, -32768, -4832, 8892, 6583, 505, 5123
1584742323.34, 482, 429, 561, 347, -32768, 15188, -27380, 7667, 2846, -1560
1584742323.4, 482, 429, 562, 346, 32224, 1308, 32767, 6817, 1162, -9571
1584742323.47, 482, 429, 563, 346, -32768, 900, -4168, 6802, 3400, 2291
1584742323.53, 481, 428, 564, 348, -32768, 16324, -15516, 7225, -91, -76
1584742323.6, 484, 428, 560, 346, 32767, 18456, 18664, 8008, -428, 422
1584742323.67, 491, 428, 557, 347, 13712, 1160, 32767, 5450, -1874, 389
1584742323.7, 492, 428, 577, 347, -32768, 12032, 32767, 5366, -1268, -1768
1584742323.77, 494, 427, 574, 349, -32768, -32768, 5948, 6689, -1384, -9451
1584742323.84, 488, 428, 569, 348, -32004, -4188, -288, 7588, -3663, -12346
1584742323.9, 488, 427, 569, 347, 1028, 4608, 32767, 7798, -1707, 1068
1584742323.97, 484, 428, 573, 346, -32428, -16000, 17096, 9147, 694, 691
1584742324.03, 480, 428, 570, 346, 19544, -17860, -7892, 9472, -361, -4474
1584742324.1, 489, 428, 569, 346, -1184, -2380, 32767, 8284, 1560, -974
1584742324.17, 492, 427, 574, 346, -32768, -3828, 7912, 8314, 852, -1699
1584742324.23, 490, 428, 573, 346, -32768, -18352, -32768, 8358, 168, -6556
1584742324.27, 487, 428, 573, 347, 3496, -16700, 21024, 9105, -614, -503
1584742324.33, 491, 428, 571, 346, 1368, -32768, 32767, 8615, 485, -4231
1584742324.4, 495, 427, 554, 347, -32768, 8416, 5444, 7101, 5698, 1568
1584742324.47, 493, 428, 546, 347, -32768, 8420, 32767, 5941, -81, -3900
1584742324.53, 493, 428, 553, 348, -24380, -32768, 25972, 4800, -3909, -3596
1584742324.6, 495, 428, 561, 349, 14868, 26732, 32767, 6046, 2371, -4495
1584742324.67, 490, 428, 560, 352, -13984, 3504, 18868, 5941, -1739, 1385
1584742324.7, 489, 428, 556, 352, -32768, -6272, 9628, 6343, -160, 3087
1584742324.77, 489, 428, 545, 352, 32767, 24768, 4276, 5498, 2710, 1328
1584742324.83, 493, 429, 529, 351, 32767, 96, 12424, 4302, 1675, 6808
1584742324.9, 496, 436, 515, 350, -27900, 18176, 32767, 1212, -483, -779
1584742324.97, 492, 437, 514, 352, -10200, 31700, 32767, 252, 475, 2938
1584742325.0, 489, 438, 513, 357, -27060, 5896, 32767, 409, -2, -613
1584742325.07, 487, 438, 498, 358, -32768, -32768, -32768, -867, 1586, -4840
1584742325.13, 475, 438, 476, 357, -17892, 30224, 5240, -569, 1113, 2010
1584742325.2, 467, 438, 457, 357, -32768, -3376, -13568, -1329, 1153, -6158
1584742325.27, 462, 441, 459, 369, 6324, -6812, 1656, -1407, 1789, -441
1584742325.33, 457, 449, 471, 399, 13704, 15236, -1000, -611, -641, -427
1584742325.4, 444, 450, 480, 400, -31852, -7708, -22304, -7, 1437, 176
1584742325.43, 435, 449, 477, 397, 18540, 2132, -22808, 794, -423, 208
1584742325.5, 422, 446, 478, 395, -26852, 3556, -7152, 812, -511, 1086
1584742325.57, 432, 451, 481, 396, 2140, -9432, 6716, 1355, -1380, 1488
1584742325.63, 441, 464, 480, 396, -32768, -9172, -4672, 1100, -1248, -1268
1584742325.7, 444, 458, 484, 402, -18532, -7184, -9156, 788, 733, -2927
1584742325.77, 441, 455, 483, 403, -8548, -11916, 6592, 1081, -1830, -942
1584742325.83, 441, 451, 477, 398, -32768, 6148, 26396, 1131, 1382, -5300
1584742325.87, 437, 449, 479, 406, -21588, 368, -428, 657, -1321, -2027
1584742325.93, 433, 446, 481, 407, -29376, -11992, 13092, 1107, -62, 727
1584742326.0, 433, 446, 483, 400, -4240, -21972, 12252, 1182, 1345, -1461
1584742326.07, 427, 449, 502, 399, -32056, -5076, -12816, 870, 161, -949
1584742326.13, 422, 450, 504, 398, -6444, 6252, 2424, 1362, 151, 851
1584742326.2, 422, 450, 493, 396, -7272, -21656, -3852, 1307, -77, -2248
1584742326.23, 422, 450, 498, 409, -22716, -6172, -204, 1978, -2477, -865
1584742326.3, 433, 450, 499, 413, -29028, -9888, -6236, 1965, -129, -1468
1584742326.37, 433, 443, 500, 413, -18376, -9364, 1260, 1601, 1006, 1455
1584742326.43, 440, 440, 497, 413, -24284, -16836, -1924, 600, 1526, -1546
1584742326.5, 439, 440, 497, 420, -11640, -1704, -564, 737, -1771, -489
1584742326.57, 438, 438, 497, 427, -6876, 796, 6832, 2400, 312, 1602
1584742326.63, 434, 438, 493, 426, -5264, -10852, 8348, 2710, -2319, -1031
1584742326.67, 429, 441, 493, 420, -5696, -96, 1692, 2270, -449, -775
1584742326.73, 431, 441, 493, 418, -18824, -7516, 4768, 1189, 655, 1183
1584742326.8, 438, 441, 493, 424, -16844, -5416, 3152, 1134, -804, -2769
1584742326.87, 437, 441, 498, 427, -19528, 2132, 8372, 1473, 294, -923
1584742326.93, 436, 439, 497, 429, 11064, -3888, 4152, 1502, -861, 1925
1584742326.97, 436, 440, 497, 431, -25824, -1776, 10740, 1647, -414, 310
1584742327.03, 436, 444, 498, 432, -12980, -8948, -376, 1550, -1343, 1498
1584742327.1, 436, 444, 497, 431, -12328, -8284, 84, 1493, -169, 1021
1584742327.17, 432, 443, 496, 429, 9780, -2736, 10776, 1083, 207, 1073
1584742327.23, 430, 444, 493, 429, -24480, -2940, 3560, 503, -311, 904
1584742327.27, 429, 443, 493, 429, -7736, -2232, -436, -46, -281, 3358
1584742327.33, 429, 448, 488, 429, -21552, -2288, -356, -692, 1466, 1683
1584742327.4, 429, 457, 488, 433, -19516, -3152, -464, -1091, 59, 229
1584742327.47, 429, 465, 488, 437, -20904, -5040, 3412, -1845, 1606, 629
1584742327.53, 429, 469, 488, 438, -16376, 456, 2972, -1840, 774, -617
1584742327.6, 423, 473, 487, 431, -14232, 2968, 2432, -1836, -94, -1161
1584742327.66, 415, 474, 487, 429, -15628, -2112, 3764, -1747, -1005, -1215
1584742327.7, 413, 469, 487, 429, -11268, -68, 332, -1913, 548, 346
1584742327.77, 412, 470, 487, 429, -28584, -8820, 1420, -1752, -744, -1353
1584742327.83, 411, 470, 488, 430, -4020, -896, 2672, -1343, -1065, -746
1584742327.9, 412, 472, 488, 430, -10596, -396, 576, -1748, -345, 1536
1584742327.96, 412, 469, 487, 429, -7468, -6088, -232, -1943, -608, 194
1584742328.03, 412, 467, 487, 429, -27040, -1116, -1660, -1838, -613, -113
1584742328.07, 415, 467, 487, 430, -19324, -2736, 2996, -1658, -395, 516
1584742328.13, 415, 467, 487, 430, -11456, -4768, 7032, -1486, -362, -1200
1584742328.2, 416, 467, 487, 430, -20752, -3140, 1484, -1536, -203, -139
1584742328.26, 419, 467, 487, 431, -10840, 760, 3876, -1941, 161, 328
1584742328.33, 422, 465, 487, 434, -22068, -3224, 624, -1894, -331, 1420
1584742328.37, 424, 464, 485, 435, -12584, -4164, 164, -1445, 88, 385
1584742328.43, 424, 464, 483, 437, -23688, -280, -1352, -1797, -389, -172
1584742328.5, 424, 464, 477, 435, -11268, 604, 4804, -2532, 1645, -42
1584742328.56, 421, 464, 477, 431, -16304, -5124, -7084, -2752, 1257, -1456
1584742328.63, 415, 465, 477, 430, -20460, -7508, 364, -2382, 219, -1736
1584742328.7, 409, 467, 478, 433, -22924, -356, -3452, -2310, 125, -461
1584742328.76, 408, 469, 478, 434, -13412, -2992, 384, -2818, -369, -292
1584742328.8, 407, 470, 478, 434, -29276, -4976, 3136, -2809, -904, 363
1584742328.87, 409, 470, 478, 434, -21072, 2264, 1460, -2412, -1093, 1418
1584742328.93, 410, 470, 478, 434, -18464, 1024, -544, -1937, -1034, 306
1584742329.0, 412, 470, 478, 434, -19136, 1364, -7460, -2108, -930, 641
1584742329.06, 413, 470, 478, 434, -13248, 1204, 680, -2337, -585, 410
1584742329.13, 413, 470, 478, 434, -16464, -640, 11460, -2276, -284, 2455
1584742329.17, 414, 468, 478, 433, -13596, 692, 2824, -1840, -635, -85
1584742329.23, 414, 466, 478, 433, -19672, -7752, -2448, -1527, -27, -1146
1584742329.3, 413, 465, 479, 434, -18392, -2652, 2776, -1191, -429, 1251
1584742329.37, 413, 463, 483, 434, -23648, -23500, 8488, -931, -134, -1893
1584742329.43, 413, 462, 484, 434, -15876, -11148, -2240, -705, -494, -986
1584742329.5, 413, 462, 484, 434, -13944, -4296, 2536, -444, -447, 309
1584742329.56, 413, 462, 484, 434, -10520, -468, 1808, -451, -323, 810
1584742329.6, 413, 462, 484, 434, -16700, 2156, 3108, -625, -183, 729
1584742329.67, 414, 462, 484, 434, -14080, -2736, 3092, -505, -394, -94
1584742329.73, 415, 463, 484, 434, -15892, 268, 660, -405, -357, 202
1584742329.8, 416, 464, 484, 434, -15300, 888, 2416, -430, -312, 529
1584742329.83, 416, 464, 484, 434, -15800, 472, 1632, -375, -418, -78
1584742329.9, 416, 464, 484, 434, -16072, -2136, 1520, -452, -416, 815
1584742329.96, 416, 464, 484, 434, -23504, -520, 512, -417, -327, 444
1584742330.03, 416, 464, 484, 434, -16812, -1472, 3708, -341, -311, -591
1584742330.1, 416, 464, 484, 434, -15616, -3404, 4168, -418, -304, -251
1584742330.16, 416, 464, 484, 434, -15484, -896, 1444, -346, -432, -458
1584742330.2, 416, 464, 484, 434, -21304, -560, 1148, -400, -332, 105
1584742330.26, 416, 464, 484, 434, -16520, -1340, 1932, -372, -313, -409
1584742330.33, 416, 464, 484, 434, -15964, -1728, 908, -397, -359, 200
1584742330.4, 416, 464, 484, 434, -13108, -872, 564, -380, -394, -291
1584742330.43, 416, 464, 484, 434, -15092, 112, 1144, -387, -314, 126
1584742330.5, 416, 464, 484, 434, -18036, -1108, 1120, -333, -321, -386
1584742330.56, 416, 464, 484, 434, -15900, -300, 1628, -350, -420, -449
1584742330.63, 416, 464, 484, 434, -15636, 256, 1268, -378, -373, -73
1584742330.7, 416, 464, 484, 434, -17120, -824, 1792, -386, -347, -319
1584742330.73, 416, 464, 484, 434, -16748, -556, 1920, -355, -361, -52
1584742330.8, 416, 464, 484, 434, -16072, -472, 872, -401, -340, 19
1584742330.86, 416, 464, 484, 434, -16228, -60, 1892, -372, -360, -62
1584742330.93, 416, 464, 484, 434, -14116, -164, 1180, -387, -346, 62
1584742330.96, 416, 464, 484, 434, -16132, -756, 1284, -354, -413, -119
1584742331.03, 416, 464, 484, 434, -15660, 60, 1028, -373, -365, -91
1584742331.1, 416, 464, 484, 434, -15956, -176, 1320, -382, -375, -89
1584742331.16, 416, 464, 484, 434, -16304, -316, 1604, -380, -367, -69
1584742331.23, 416, 464, 484, 434, -15972, -388, 1624, -397, -344, -114
1584742331.26, 416, 464, 484, 434, -15988, -740, 1424, -352, -353, -99
1584742331.33, 416, 464, 484, 434, -15656, -384, 1384, -384, -348, -144
1584742331.4, 416, 464, 484, 434, -15952, -456, 1292, -354, -350, -58
1584742331.46, 416, 464, 484, 434, -15872, -364, 1260, -394, -376, -78
1584742331.53, 416, 464, 484, 434, -15692, -456, 1492, -387, -374, -70
1584742331.56, 416, 464, 484, 434, -15976, -480, 1292, -388, -348, -51
1584742331.63, 416, 464, 484, 434, -15876, -388, 1312, -405, -345, -76
1584742331.7, 416, 464, 484, 434, -15936, -272, 1488, -372, -352, -84
1584742331.76, 416, 464, 484, 434, -15776, -372, 1716, -365, -354, -79
1584742331.8, 416, 464, 484, 434, -15784, -440, 1676, -390, -325, -88
1584742331.86, 416, 464, 484, 434, -15860, -588, 1332, -391, -378, -68
1584742331.93, 416, 464, 484, 434, -15776, -528, 1256, -376, -341, -61
1584742332.0, 416, 464, 484, 434, -15892, -240, 1456, -354, -368, -73
1584742332.06, 416, 464, 484, 434, -15924, -280, 1520, -373, -352, -97
1584742332.1, 416, 464, 484, 434, -15848, -552, 1464, -394, -329, -107
1584742332.16, 416, 464, 484, 434, -15796, -564, 1492, -382, -332, -89
